; XTEINK X4 Classic — factory (dual-OTA) partition layout, 16 MB.
; Reference only: recovered from the factory flash dump (see FreeInk SDK
; docs/xteink-x4c-support.md). NOT referenced by platformio.ini — the
; diagnostic firmware is flashed into app0 at 0x10000 and must not
; overwrite the factory bootloader/partition table.
; Keep the saved factory flash dump for restoring this layout.
;
; Name,     Type, SubType, Offset,   Size,      Flags
; nvs,      data, nvs,     0x9000,   0x5000,    (20 KB)
; otadata,  data, ota,     0xE000,   0x2000,    (8 KB)
; app0,     app,  ota_0,   0x10000,  0x7E0000,  (8064 KB)
; app1,     app,  ota_1,   0x7F0000, 0x7E0000,  (8064 KB)
; spiffs,   data, spiffs,  0xFD0000, 0x14000,   (80 KB)
; coredump, data, coredump,0xFE4000, 0x1C000,   (112 KB)
;
; Size: 0x9000+nvs ... 0x1000000 (16 MB)
nvs,      data, nvs,     0x9000,   0x5000,
otadata,  data, ota,     0xE000,   0x2000,
app0,     app,  ota_0,   0x10000,  0x7E0000,
app1,     app,  ota_1,   0x7F0000, 0x7E0000,
spiffs,   data, spiffs,  0xFD0000, 0x14000,
coredump, data, coredump,0xFE4000, 0x1C000,
